[
  {
    "biomeName": "terralith:birch_taiga",
    "chance": 5
  },
  {
    "biomeName": "terralith:shield",
    "chance": 5
  },
  {
    "biomeName": "terralith:lush_valley",
    "chance": 10
  },
  {
    "biomeName": "terralith:blooming_valley",
    "chance": 10
  },
  {
    "biomeName": "terralith:temperate_highlands",
    "chance": 10
  },
  {
    "biomeName": "terralith:shrublands",
    "chance": 5
  },
  {
    "biomeName": "terralith:skylands_autumn",
    "chance": 10
  },
  {
    "biomeName": "terralith:haze_mountain",
    "chance": 10
  },
  {
    "biomeName": "terralith:snowy_maple_forest",
    "chance": 5
  },
  {
    "biomeName": "terralith:rocky_jungle",
    "chance": 5
  },
  {
    "biomeName": "terralith:snowy_shield",
    "chance": 5
  },
  {
    "biomeName": "terralith:brushlands",
    "chance": 5
  },
  {
    "biomeName": "terralith:ice_marsh",
    "chance": 10
  }
]